{
  "Total" : {
    "transaction" : "Total",
    "sampleCount" : 1000,
    "errorCount" : 570,
    "errorPct" : 57.0,
    "meanResTime" : 25264.280000000028,
    "medianResTime" : 9165.0,
    "minResTime" : 0.0,
    "maxResTime" : 105635.0,
    "pct1ResTime" : 60169.9,
    "pct2ResTime" : 60281.85,
    "pct3ResTime" : 62544.65,
    "throughput" : 1.442903583739631,
    "receivedKBytesPerSec" : 0.7897121222478417,
    "sentKBytesPerSec" : 4.885524989647166
  },
  "File Upload Transaction" : {
    "transaction" : "File Upload Transaction",
    "sampleCount" : 500,
    "errorCount" : 285,
    "errorPct" : 57.0,
    "meanResTime" : 50528.55999999999,
    "medianResTime" : 61181.0,
    "minResTime" : 1302.0,
    "maxResTime" : 105664.0,
    "pct1ResTime" : 63210.5,
    "pct2ResTime" : 64308.7,
    "pct3ResTime" : 73335.22,
    "throughput" : 0.7217350510627548,
    "receivedKBytesPerSec" : 0.7900221820757101,
    "sentKBytesPerSec" : 4.887443163364729
  },
  "POST to betterdata.ai" : {
    "transaction" : "POST to betterdata.ai",
    "sampleCount" : 500,
    "errorCount" : 285,
    "errorPct" : 57.0,
    "meanResTime" : 47268.77800000005,
    "medianResTime" : 60096.5,
    "minResTime" : 279.0,
    "maxResTime" : 105635.0,
    "pct1ResTime" : 60281.7,
    "pct2ResTime" : 60770.65,
    "pct3ResTime" : 63501.43000000001,
    "throughput" : 0.7228765861719492,
    "receivedKBytesPerSec" : 0.47667075076877924,
    "sentKBytesPerSec" : 0.7397484127437358
  },
  "PATCH Upload File" : {
    "transaction" : "PATCH Upload File",
    "sampleCount" : 500,
    "errorCount" : 285,
    "errorPct" : 57.0,
    "meanResTime" : 3259.781999999999,
    "medianResTime" : 2102.5,
    "minResTime" : 0.0,
    "maxResTime" : 28385.0,
    "pct1ResTime" : 5995.1,
    "pct2ResTime" : 9205.3,
    "pct3ResTime" : 23715.44000000001,
    "throughput" : 0.7239431154457607,
    "receivedKBytesPerSec" : 0.3150651340670255,
    "sentKBytesPerSec" : 4.161555892209214
  }
}