{
  "Total" : {
    "transaction" : "Total",
    "sampleCount" : 2192,
    "errorCount" : 104,
    "errorPct" : 4.7445254,
    "meanResTime" : 27253.604470802926,
    "medianResTime" : 7418.0,
    "minResTime" : 185.0,
    "maxResTime" : 61327.0,
    "pct1ResTime" : 57001.5,
    "pct2ResTime" : 58500.1,
    "pct3ResTime" : 60147.42,
    "throughput" : 0.7083262915402511,
    "receivedKBytesPerSec" : 0.37511938060872757,
    "sentKBytesPerSec" : 2.404248915617722
  },
  "File Upload Transaction" : {
    "transaction" : "File Upload Transaction",
    "sampleCount" : 1087,
    "errorCount" : 45,
    "errorPct" : 4.1398344,
    "meanResTime" : 54553.92548298063,
    "medianResTime" : 57372.0,
    "minResTime" : 1106.0,
    "maxResTime" : 73570.0,
    "pct1ResTime" : 61987.8,
    "pct2ResTime" : 63052.2,
    "pct3ResTime" : 64811.159999999996,
    "throughput" : 0.3510520419311802,
    "receivedKBytesPerSec" : 0.35642779124724233,
    "sentKBytesPerSec" : 2.4028605977831723
  },
  "POST to betterdata.ai" : {
    "transaction" : "POST to betterdata.ai",
    "sampleCount" : 1105,
    "errorCount" : 59,
    "errorPct" : 5.3393664,
    "meanResTime" : 50547.44796380088,
    "medianResTime" : 53569.0,
    "minResTime" : 185.0,
    "maxResTime" : 61327.0,
    "pct1ResTime" : 58468.0,
    "pct2ResTime" : 59672.6,
    "pct3ResTime" : 60257.840000000004,
    "throughput" : 0.35707141977736195,
    "receivedKBytesPerSec" : 0.23486111345613142,
    "sentKBytesPerSec" : 0.36017345249124366
  },
  "PATCH Upload File" : {
    "transaction" : "PATCH Upload File",
    "sampleCount" : 1087,
    "errorCount" : 45,
    "errorPct" : 4.1398344,
    "meanResTime" : 3574.030358785651,
    "medianResTime" : 3306.0,
    "minResTime" : 487.0,
    "maxResTime" : 22576.0,
    "pct1ResTime" : 5612.8,
    "pct2ResTime" : 6409.4,
    "pct3ResTime" : 7708.919999999987,
    "throughput" : 0.3515041921806324,
    "receivedKBytesPerSec" : 0.14035782235472885,
    "sentKBytesPerSec" : 2.0455263462012323
  }
}