{
  "Total" : {
    "transaction" : "Total",
    "sampleCount" : 864,
    "errorCount" : 496,
    "errorPct" : 57.407406,
    "meanResTime" : 28712.46527777777,
    "medianResTime" : 22123.5,
    "minResTime" : 0.0,
    "maxResTime" : 61759.0,
    "pct1ResTime" : 60652.5,
    "pct2ResTime" : 60766.75,
    "pct3ResTime" : 61036.45,
    "throughput" : 1.9169371604037106,
    "receivedKBytesPerSec" : 1.170677260943071,
    "sentKBytesPerSec" : 5.117084452840905
  },
  "File Upload Transaction" : {
    "transaction" : "File Upload Transaction",
    "sampleCount" : 383,
    "errorCount" : 199,
    "errorPct" : 51.958225,
    "meanResTime" : 49253.53002610966,
    "medianResTime" : 60496.0,
    "minResTime" : 1003.0,
    "maxResTime" : 66788.0,
    "pct1ResTime" : 63343.4,
    "pct2ResTime" : 63823.0,
    "pct3ResTime" : 65505.43999999997,
    "throughput" : 0.9910700192262407,
    "receivedKBytesPerSec" : 1.1915168821532354,
    "sentKBytesPerSec" : 5.708042950464613
  },
  "POST to betterdata.ai" : {
    "transaction" : "POST to betterdata.ai",
    "sampleCount" : 481,
    "errorCount" : 297,
    "errorPct" : 61.74636,
    "meanResTime" : 49716.7151767152,
    "medianResTime" : 60474.0,
    "minResTime" : 508.0,
    "maxResTime" : 61759.0,
    "pct1ResTime" : 60759.0,
    "pct2ResTime" : 60833.9,
    "pct3ResTime" : 61176.9,
    "throughput" : 1.0671837663821582,
    "receivedKBytesPerSec" : 0.702070521627666,
    "sentKBytesPerSec" : 1.0942802292004552
  },
  "PATCH Upload File" : {
    "transaction" : "PATCH Upload File",
    "sampleCount" : 383,
    "errorCount" : 199,
    "errorPct" : 51.958225,
    "meanResTime" : 2333.7597911227153,
    "medianResTime" : 2271.0,
    "minResTime" : 0.0,
    "maxResTime" : 13706.0,
    "pct1ResTime" : 4481.800000000001,
    "pct2ResTime" : 5289.599999999996,
    "pct3ResTime" : 8113.599999999917,
    "throughput" : 0.9891375650170711,
    "receivedKBytesPerSec" : 0.5454718184571004,
    "sentKBytesPerSec" : 4.682660642849026
  }
}