{
  "Total" : {
    "transaction" : "Total",
    "sampleCount" : 100,
    "errorCount" : 0,
    "errorPct" : 0.0,
    "meanResTime" : 6576.219999999999,
    "medianResTime" : 4906.5,
    "minResTime" : 249.0,
    "maxResTime" : 22524.0,
    "pct1ResTime" : 15604.000000000002,
    "pct2ResTime" : 18113.149999999998,
    "pct3ResTime" : 22501.63999999999,
    "throughput" : 0.8097034865832132,
    "receivedKBytesPerSec" : 0.4068285584443977,
    "sentKBytesPerSec" : 2.7754484745186314
  },
  "File Upload Transaction" : {
    "transaction" : "File Upload Transaction",
    "sampleCount" : 50,
    "errorCount" : 0,
    "errorPct" : 0.0,
    "meanResTime" : 13152.44,
    "medianResTime" : 15113.0,
    "minResTime" : 1041.0,
    "maxResTime" : 26648.0,
    "pct1ResTime" : 23014.9,
    "pct2ResTime" : 25521.999999999996,
    "pct3ResTime" : 26648.0,
    "throughput" : 0.41171578435974077,
    "receivedKBytesPerSec" : 0.41372611533805986,
    "sentKBytesPerSec" : 2.822504693559942
  },
  "POST to betterdata.ai" : {
    "transaction" : "POST to betterdata.ai",
    "sampleCount" : 50,
    "errorCount" : 0,
    "errorPct" : 0.0,
    "meanResTime" : 8941.2,
    "medianResTime" : 9259.0,
    "minResTime" : 249.0,
    "maxResTime" : 22524.0,
    "pct1ResTime" : 18103.3,
    "pct2ResTime" : 20098.8,
    "pct3ResTime" : 22524.0,
    "throughput" : 0.42014688335041933,
    "receivedKBytesPerSec" : 0.25766820580474936,
    "sentKBytesPerSec" : 0.43081467531048856
  },
  "PATCH Upload File" : {
    "transaction" : "PATCH Upload File",
    "sampleCount" : 50,
    "errorCount" : 0,
    "errorPct" : 0.0,
    "meanResTime" : 4211.24,
    "medianResTime" : 3515.5,
    "minResTime" : 458.0,
    "maxResTime" : 12996.0,
    "pct1ResTime" : 7786.6,
    "pct2ResTime" : 9832.949999999999,
    "pct3ResTime" : 12996.0,
    "throughput" : 0.41681255105953746,
    "receivedKBytesPerSec" : 0.16322444626452592,
    "sentKBytesPerSec" : 2.430049736157655
  }
}